Title,Price,Comments
6 Packs Speax by Thinx Women's beige hi-waist Absorbent Underwear Size XL,$25.88,Free shipping
Thinx for All Women's Super Absorbency Cotton Brief Period Underwear Medium ...,$22.88,Free shipping
Shapermint Scoop Neck Cami Black Size XL,$61.16,Free shipping
SPANX Womens Bralette S White,$48.49,Free shipping
Women's Pajama Set Super Soft Comfortable Top & Bottom Cozy Sleep Two Piece Set,$23.88,Free shipping
Women's Fleece Pajama Set Print Design Plush Casual Sleepwear Top & Bottom Set,$19.88,Free shipping
"Womens Long Waffle Luxury Shawl Kimono Lightweight Turkish Cotton Robe, Hotel",$25.88,Free shipping
"Womens Long Waffle Kimono Lightweight Turkish Cotton Robe, Hotel Spa Bathrobe",$75.21,$4.09 shipping
Women's Pajama Set 2pcs Long Sleeve Super Soft Top & Bottom Sleep Lounge Set,$17.99,Free shipping
Therma Tek Womens Thermal Underwear Microfiber Fleece Long Johns Top & Pant Set,$19.99,$5.85 shipping
Women's Pajama Set Cozy 2pcs Short Sleeve Top & Bottom Super Soft Sleep Set,$19.99,Free shipping
"Plush Soft Warm, Robe for Women Terry Velour Turkish Bathrobe Cotton Towel",$17.99,Free shipping
Playtex 18 Hour Bra Wirefree Ultimate Lift True Support Womens 4745 Natural Soft,$19.99,Free shipping
Women's Bali Minimizer Bra Satin Tracings Underwire Satin non Padded Full DF3562,$15.99,$0.49 shipping
Bali  Bali Double SupportÂ® Wirefree Bra,$14.00,Free shipping
Playtex 18 Hour Easier On Front-Close Wirefree Bra Flex Back Women Comfort Strap,$19.00,Free shipping
Lilyette Bali Bra Plunge Into Comfort Keyhole Minimizer Women's Non Padded 0904,$13.49,Free shipping
"Bali  Bali Skimp Skamp Brief, 3-Pack",$19.00,Free shipping
Bali  Bali One Smooth U Smooth Support Bralette,$9.99,Free shipping
adidas women Essentials 3-Stripes Track Suit,$24.99,Free shipping
Braza Strong Hold Breast Form Adhesives Double Sided Tape 40 Strips,$5.99 to $23.79,Free shipping
STUD 5000 FOR EXTRA TIME POWER ONLY FOR MEN FREE SHIPPING,$3.99,Free shipping
Fruilibee Waterproof Natural Shaper Clear Silicone Gel Bra Inserts Push Up Pads,$4.45 to $6.19,Free shipping
Victoria's Secret Bra Body By Victoria Choose Color and Size,$23.99,Free shipping
Mens Body Shaper Belly Chest Compression Shirt Slimming Tank Top Abs Girdle Vest,$6.45 to $7.45,Free shipping
4Pcs Adjustable Bra Extender 2/3/4 Hooks with Elastic Underwear Strap Extension,$9.99 to $13.99,Free shipping
"Opaque Stockings 40Denier Plain Top by Romartex,24Fashionable Colours,Sizes S-XL",$18.00,Free shipping
Truekind Women's Daily Comfort Wirefree Shaper Bra Assorted Colors Small-4XL NWT,$6.64 to $11.39,Free shipping
Maidenform FLEXEES Shapewear Brief FP0058 Black Beige DISCONTINUED Women's S-3XL,$4.19 to $5.58,Free shipping
Women Waist Trainer Sauna Neoprene Sweat Belt Tummy Control Yoga Gym Body Shaper,$3.52,Free shipping
Shapermint Women's All Day Every Day Scoop Neck Cami Assorted Colors & Sizes NWT,$15.99,Free shipping
"1 Pair Removable Sponge Pad Enhancing Hip Lifter Cushions Fake Butt,Pads Gift US",$16.99,Free shipping
Women Sexy Lingerie Sleepwear Babydoll Underwear Lace Dresses G-String Nightwear,$3.55,Free shipping
Womens Lace Sexy Lingerie Set Nightwear G-string Fishnet Underwear Stockings,$28.00,$3.97 shipping
"Satin Caftans For Women, Five Solid Colors, Style#Caf23, One Size Fits Most",$4.79 to $18.79,Free shipping
ASSETS SPANX Bodysuit Shapewear Bottom Lifting 5-Way Wear Underwire Bodysuit,$8.89,Free shipping
Pair Of Rhinestone Nipple Pasties Mandala Beads Sexy Cover Breast (2 Count),$5.95,$7.38 shipping
Parfait Elissa Molded Underwire Midi Bustier (P50116),$6.99 to $8.99,Free shipping
Fajas Reductoras Colombianas Body Shaper Waist Trainer Tummy Control Tank Top US,$7.78 to $13.98,Free shipping
Waist Trimmer Belt Sweat Band Wrap Ab Stomach Weight Loss Fat Burner Slimming,$39.00,Free shipping
"Thinx Leaks Underwear Reusable Bladder Leak Hi-Waist,Light Absorbency Beige Sm",$7.43 to $11.24,Free shipping
Unpadded Womens Bras Unlined Brassiere Sexy Lingerie Lace Bralette Hot Underwear,$24.99,Free shipping
Women Sexy Lingerie Lace Cotton/Silk Dress Underwear Babydoll Nightwear Pajamas,$19.12 to $23.80,Free shipping
RUBY RIBBON LACE DEMIETTE #3033 NWOT,$19.98,$3.50 shipping
US Women Sexy Floral Lace Bra Tops Unlined Push Up Lingerie Open Cups Underwear,$9.79 to $14.79,Free shipping
"Woolly Women’s Bikini Brief, 95% Merino Wool, Rose Pink, Medium, 3 Pack",$7.95,Free shipping
Dixie Belle Scallop Trim Full Panty 3-pack - 719,$1.99 to $4.79,Free shipping
Faja Para La Dolor De Espalda Soporte Lumbar Refuerzo Con Almohadilla Cinturón,$7.95 to $8.85,Free shipping
Mens Slimming Body Shaper Belly Chest Compression Vest Girdle T-Shirt Tank Top,$16.09 to $17.33,Free shipping
Corset Waist Trainer Training Shaper Body Shapewear Underbust Cincher Tummy Belt,$17.99,Free shipping
Women Sexy Lingerie Bodysuit Babydoll Sleepwear Underwear Lace Dress G-String US,$7.20 to $12.32,Free shipping
Women Bodystocking Sexy Lingerie Babydoll Bodysuit Sleepwear Stocking Dress US,$24.68 to $34.73,Free shipping
Suspender Belt Strap Garter Plus Size 8-22 Sexy Lingerie Black Red Blue White,$2.60 to $2.80,Free shipping
Vibrating Panties Butterfly Massager Wireless APP Control Waterproof for Women,$19.95,Free shipping
Women's Sexy Lingerie Sleepwear Babydoll Underwear Lace Dress G-String Nightwear,$13.56 to $19.04,Free shipping
Sloggi Maxi Briefs Knickers Basic+ Brief 3 Pack 95% Cotton High Rise Lingerie,$4.99 to $14.79,Free shipping
2Pcs Bra Extension Elastic Stretchy Extender 2/3/4 Hooks in 4 Colors US Seller,$2.59 to $3.99,Free shipping
"NEW!!! Maidenform 2 Pack ""Love The Lift"" Push-up Convertible Bra - 36C",$5.99,Free shipping
Garter Black Women Stocking Suspenders Garter Belt Lace Mesh Skirt,$15.20,Free shipping
Men's Fat Burner Tummy Slim Body Shaper Neoprene Sauna Sweat Belts Waist Trainer,$16.99,Free shipping
